iso3c,country,database_last_updated,AGRI.SURVEYS
AFG,Afghanistan,2019,NA
AGO,Angola,2019,NA
ALB,Albania,2019,NA
ARE,United Arab Emirates,2018,
ARG,Argentina,2019,"2000, 2007"
ARM,Armenia,2019,2008
ATG,Antigua and Barbuda,2019,NA
AUS,Australia,2018," 1996, 1997, 1998, 1999, 2000, 2001, 2002, 2003, 2004, 2005, 2006, 2007, 2008, 2009, 2010 ,2011, 2012, 2013, 2014, 2015, 2016, 2017"
AUT,Austria,2018," 1996, 1997, 1998, 1999, 2000, 2001, 2002, 2003, 2004, 2005, 2006, 2007, 2008, 2009, 2010 ,2011, 2012, 2013, 2014, 2015, 2016, 2017"
AZE,Azerbaijan,2019,NA
BDI,Burundi,2019,2011
BEL,Belgium,2018," 1996, 1997, 1998, 1999, 2000, 2001, 2002, 2003, 2004, 2005, 2006, 2007, 2008, 2009, 2010 ,2011, 2012, 2013, 2014, 2015, 2016, 2017"
BEN,Benin,2019,NA
BFA,Burkina Faso,2019,"1996, 1997, 1998, 1999, 2000, 2001, 2002, 2003, 2004, 2005, 2006, 2007"
BGD,Bangladesh,2019,2005
BGR,Bulgaria,2019,"2003, 2005, 2007, 2010, 2013, 2016"
BHR,Bahrain,2018,
BHS,"Bahamas, The",2018,
BIH,Bosnia and Herzegovina,2019,NA
BLR,Belarus,2019,NA
BLZ,Belize,2019,NA
BOL,Bolivia,2019,"2008, 2015"
BRA,Brazil,2019,"2013, 2014, 2015, 2016, 2017"
BRB,Barbados,2018,
BRN,Brunei Darussalam,2018,
BTN,Bhutan,2019,NA
BWA,Botswana,2019,NA
CAF,Central African Republic,2019,NA
CAN,Canada,2018," 1996, 1997, 1998, 1999, 2000, 2001, 2002, 2003, 2004, 2005, 2006, 2007, 2008, 2009, 2010 ,2011, 2012, 2013, 2014, 2015, 2016, 2017"
CHE,Switzerland,2018," 1996, 1997, 1998, 1999, 2000, 2001, 2002, 2003, 2004, 2005, 2006, 2007, 2008, 2009, 2010 ,2011, 2012, 2013, 2014, 2015, 2016, 2017"
CHL,Chile,2019,NA
CHN,China,2019,NA
CIV,Côte d'Ivoire,2019,2016
CMR,Cameroon,2019,NA
COD,"Congo, Dem. Rep.",2019,NA
COG,"Congo, Rep.",2019,NA
COL,Colombia,2019,"2001, 2008, 2010, 2014"
COM,Comoros,2019,NA
CPV,Cabo Verde,2019,NA
CRI,Costa Rica,2019,NA
CYP,Cyprus,2018," 1996, 1997, 1998, 1999, 2000, 2001, 2002, 2003, 2004, 2005, 2006, 2007, 2008, 2009, 2010 ,2011, 2012, 2013, 2014, 2015, 2016, 2017"
CZE,Czech Republic,2018," 1996, 1997, 1998, 1999, 2000, 2001, 2002, 2003, 2004, 2005, 2006, 2007, 2008, 2009, 2010 ,2011, 2012, 2013, 2014, 2015, 2016, 2017"
DEU,Germany,2018," 1996, 1997, 1998, 1999, 2000, 2001, 2002, 2003, 2004, 2005, 2006, 2007, 2008, 2009, 2010 ,2011, 2012, 2013, 2014, 2015, 2016, 2017"
DJI,Djibouti,2019,NA
DMA,Dominica,2019,NA
DNK,Denmark,2018," 1996, 1997, 1998, 1999, 2000, 2001, 2002, 2003, 2004, 2005, 2006, 2007, 2008, 2009, 2010 ,2011, 2012, 2013, 2014, 2015, 2016, 2017"
DOM,Dominican Republic,2019,NA
DZA,Algeria,2019,NA
ECU,Ecuador,2019,NA
EGY,"Egypt, Arab Rep.",2019,NA
ERI,Eritrea,2019,NA
ESP,Spain,2018," 1996, 1997, 1998, 1999, 2000, 2001, 2002, 2003, 2004, 2005, 2006, 2007, 2008, 2009, 2010 ,2011, 2012, 2013, 2014, 2015, 2016, 2017"
EST,Estonia,2018," 1996, 1997, 1998, 1999, 2000, 2001, 2002, 2003, 2004, 2005, 2006, 2007, 2008, 2009, 2010 ,2011, 2012, 2013, 2014, 2015, 2016, 2017"
ETH,Ethiopia,2019,"1998, 1999, 2000, 2001, 2002, 2003, 2004, 2005, 2006, 2007, 2008, 2009, 2010, 2011, 2012, 2013, 2014, 2015"
FIN,Finland,2018," 1996, 1997, 1998, 1999, 2000, 2001, 2002, 2003, 2004, 2005, 2006, 2007, 2008, 2009, 2010 ,2011, 2012, 2013, 2014, 2015, 2016, 2017"
FJI,Fiji,2019,NA
FRA,France,2018," 1996, 1997, 1998, 1999, 2000, 2001, 2002, 2003, 2004, 2005, 2006, 2007, 2008, 2009, 2010 ,2011, 2012, 2013, 2014, 2015, 2016, 2017"
FSM,"Micronesia, Fed. Sts.",2019,NA
GAB,Gabon,2019,NA
GBR,United Kingdom,2018," 1996, 1997, 1998, 1999, 2000, 2001, 2002, 2003, 2004, 2005, 2006, 2007, 2008, 2009, 2010 ,2011, 2012, 2013, 2014, 2015, 2016, 2017"
GEO,Georgia,2019,2012
GHA,Ghana,2019,NA
GIN,Guinea,2019,NA
GMB,"Gambia, The",2019,2005
GNB,Guinea-Bissau,2019,NA
GNQ,Equatorial Guinea,2019,NA
GRC,Greece,2018," 1996, 1997, 1998, 1999, 2000, 2001, 2002, 2003, 2004, 2005, 2006, 2007, 2008, 2009, 2010 ,2011, 2012, 2013, 2014, 2015, 2016, 2017"
GRD,Grenada,2019,NA
GTM,Guatemala,2019,"2013, 2014, 2015"
GUY,Guyana,2019,NA
HND,Honduras,2019,"2006, 2007, 2008, 2009"
HRV,Croatia,2019,"2005, 2007, 2010, 2013, 2016"
HTI,Haiti,2019,NA
HUN,Hungary,2018," 1996, 1997, 1998, 1999, 2000, 2001, 2002, 2003, 2004, 2005, 2006, 2007, 2008, 2009, 2010 ,2011, 2012, 2013, 2014, 2015, 2016, 2017"
IDN,Indonesia,2019,NA
IND,India,2019,"2003, 2010"
IRL,Ireland,2018," 1996, 1997, 1998, 1999, 2000, 2001, 2002, 2003, 2004, 2005, 2006, 2007, 2008, 2009, 2010 ,2011, 2012, 2013, 2014, 2015, 2016, 2017"
IRN,"Iran, Islamic Rep.",2019,NA
IRQ,Iraq,2019,NA
ISL,Iceland,2018," 1996, 1997, 1998, 1999, 2000, 2001, 2002, 2003, 2004, 2005, 2006, 2007, 2008, 2009, 2010 ,2011, 2012, 2013, 2014, 2015, 2016, 2017"
ISR,Israel,2018," 1996, 1997, 1998, 1999, 2000, 2001, 2002, 2003, 2004, 2005, 2006, 2007, 2008, 2009, 2010 ,2011, 2012, 2013, 2014, 2015, 2016, 2017"
ITA,Italy,2018," 1996, 1997, 1998, 1999, 2000, 2001, 2002, 2003, 2004, 2005, 2006, 2007, 2008, 2009, 2010 ,2011, 2012, 2013, 2014, 2015, 2016, 2017"
JAM,Jamaica,2019,NA
JOR,Jordan,2019,NA
JPN,Japan,2018," 1996, 1997, 1998, 1999, 2000, 2001, 2002, 2003, 2004, 2005, 2006, 2007, 2008, 2009, 2010 ,2011, 2012, 2013, 2014, 2015, 2016, 2017"
KAZ,Kazakhstan,2019,NA
KEN,Kenya,2019,NA
KGZ,Kyrgyz Republic,2019,NA
KHM,Cambodia,2019,NA
KIR,Kiribati,2019,NA
KNA,St. Kitts and Nevis,2019,NA
KOR,"Korea, Rep.",2018," 1996, 1997, 1998, 1999, 2000, 2001, 2002, 2003, 2004, 2005, 2006, 2007, 2008, 2009, 2010 ,2011, 2012, 2013, 2014, 2015, 2016, 2017"
KWT,Kuwait,2018,
LAO,Lao PDR,2019,NA
LBN,Lebanon,2019,NA
LBR,Liberia,2019,NA
LBY,Libya,2019,NA
LCA,St. Lucia,2019,NA
LKA,Sri Lanka,2019,2016
LSO,Lesotho,2019,"2009, 2011, 2013, 2014, 2016, 2017"
LTU,Lithuania,2018," 1996, 1997, 1998, 1999, 2000, 2001, 2002, 2003, 2004, 2005, 2006, 2007, 2008, 2009, 2010 ,2011, 2012, 2013, 2014, 2015, 2016, 2017"
LUX,Luxembourg,2018," 1996, 1997, 1998, 1999, 2000, 2001, 2002, 2003, 2004, 2005, 2006, 2007, 2008, 2009, 2010 ,2011, 2012, 2013, 2014, 2015, 2016, 2017"
LVA,Latvia,2018," 1996, 1997, 1998, 1999, 2000, 2001, 2002, 2003, 2004, 2005, 2006, 2007, 2008, 2009, 2010 ,2011, 2012, 2013, 2014, 2015, 2016, 2017"
MAR,Morocco,2019,NA
MDA,Moldova,2019,NA
MDG,Madagascar,2019,NA
MDV,Maldives,2019,NA
MEX,Mexico,2019,"2012, 2014, 2017"
MHL,Marshall Islands,2019,NA
MKD,"Macedonia, FYR",2019,NA
MLI,Mali,2019,"2007, 2014"
MLT,Malta,2018," 1996, 1997, 1998, 1999, 2000, 2001, 2002, 2003, 2004, 2005, 2006, 2007, 2008, 2009, 2010 ,2011, 2012, 2013, 2014, 2015, 2016, 2017"
MMR,Myanmar,2019,NA
MNE,Montenegro,2019,2016
MNG,Mongolia,2019,NA
MOZ,Mozambique,2019,NA
MRT,Mauritania,2019,NA
MUS,Mauritius,2019,2005
MWI,Malawi,2019,NA
MYS,Malaysia,2019,NA
NAM,Namibia,2019,NA
NER,Niger,2019,"2011, 2014"
NGA,Nigeria,2019,"2006, 2007"
NIC,Nicaragua,2019,NA
NLD,Netherlands,2018," 1996, 1997, 1998, 1999, 2000, 2001, 2002, 2003, 2004, 2005, 2006, 2007, 2008, 2009, 2010 ,2011, 2012, 2013, 2014, 2015, 2016, 2017"
NOR,Norway,2018," 1996, 1997, 1998, 1999, 2000, 2001, 2002, 2003, 2004, 2005, 2006, 2007, 2008, 2009, 2010 ,2011, 2012, 2013, 2014, 2015, 2016, 2017"
NPL,Nepal,2019,NA
NRU,Nauru,2019,NA
NZL,New Zealand,2018," 1996, 1997, 1998, 1999, 2000, 2001, 2002, 2003, 2004, 2005, 2006, 2007, 2008, 2009, 2010 ,2011, 2012, 2013, 2014, 2015, 2016, 2017"
OMN,Oman,2018, 0
PAK,Pakistan,2019,NA
PAN,Panama,2019,NA
PER,Peru,2019,"2014, 2015, 2016, 2017"
PHL,Philippines,2019,"2008, 2016, 2017"
PLW,Palau,2019,NA
PNG,Papua New Guinea,2019,NA
POL,Poland,2019,"2005, 2007, 2013, 2016"
PRT,Portugal,2018," 1996, 1997, 1998, 1999, 2000, 2001, 2002, 2003, 2004, 2005, 2006, 2007, 2008, 2009, 2010 ,2011, 2012, 2013, 2014, 2015, 2016, 2017"
PRY,Paraguay,2019,NA
PSE,West Bank and Gaza,2019,"2004, 2010, 2015"
QAT,Qatar,2018,
ROU,Romania,2019,"2005, 2007, 2013, 2016"
RUS,Russian Federation,2019,NA
RWA,Rwanda,2019,"2001, 2007, 2008, 2013, 2014, 2015, 2016, 2017, 2018, 2019"
SAU,Saudi Arabia,2018,
SDN,Sudan,2019,NA
SEN,Senegal,2019,"2005, 2006, 2007, 2011, 2016, 2017"
SGP,Singapore,2018,
SLB,Solomon Islands,2019,NA
SLE,Sierra Leone,2019,NA
SLV,El Salvador,2019,NA
SMR,San Marino,2018, 0
SOM,Somalia,2019,NA
SRB,Serbia,2019,2018
SSD,South Sudan,2019,NA
STP,São Tomé and Principe,2019,NA
SUR,Suriname,2019,NA
SVK,Slovak Republic,2018," 1996, 1997, 1998, 1999, 2000, 2001, 2002, 2003, 2004, 2005, 2006, 2007, 2008, 2009, 2010 ,2011, 2012, 2013, 2014, 2015, 2016, 2017"
SVN,Slovenia,2018," 1996, 1997, 1998, 1999, 2000, 2001, 2002, 2003, 2004, 2005, 2006, 2007, 2008, 2009, 2010 ,2011, 2012, 2013, 2014, 2015, 2016, 2017"
SWE,Sweden,2018," 1996, 1997, 1998, 1999, 2000, 2001, 2002, 2003, 2004, 2005, 2006, 2007, 2008, 2009, 2010 ,2011, 2012, 2013, 2014, 2015, 2016, 2017"
SWZ,Swaziland,2019,NA
SYC,Seychelles,2019,NA
SYR,Syrian Arab Republic,2019,NA
TCD,Chad,2019,NA
TGO,Togo,2019,NA
THA,Thailand,2019,2008
TJK,Tajikistan,2019,NA
TKM,Turkmenistan,2019,NA
TLS,Timor-Leste,2019,NA
TON,Tonga,2019,NA
TTO,Trinidad and Tobago,2019,NA
TUN,Tunisia,2019,NA
TUR,Turkey,2019,"2006, 2016"
TUV,Tuvalu,2019,NA
TZA,Tanzania,2019,"2009, 2014"
UGA,Uganda,2019,NA
UKR,Ukraine,2019,NA
URY,Uruguay,2019,NA
USA,United States,2018," 1996, 1997, 1998, 1999, 2000, 2001, 2002, 2003, 2004, 2005, 2006, 2007, 2008, 2009, 2010 ,2011, 2012, 2013, 2014, 2015, 2016, 2017"
UZB,Uzbekistan,2019,NA
VCT,St. Vincent and the Grenadines,2019,NA
VEN,"Venezuela, RB",2019,NA
VNM,Vietnam,2019,NA
VUT,Vanuatu,2019,NA
WSM,Samoa,2019,NA
XKX,Kosovo,2019,2015
YEM,"Yemen, Rep.",2019,NA
ZAF,South Africa,2019,"2008, 2009, 2010, 2011, 2012, 2013, 2014, 2015, 2016"
ZMB,Zambia,2019,"2007, 2009, 2011, 2012, 2013, 2014, 2015"
ZWE,Zimbabwe,2019,"2012, 2015, 2017"
