iso3c,country,database_last_updated,POPU.CENSUS
ARE,United Arab Emirates,2018," 2005, 2010"
AUS,Australia,2018," 2001, 2006, 2011, 2016"
AUT,Austria,2018," 2001, 2011"
BEL,Belgium,2018," 2001, 2011"
BHR,Bahrain,2018," 2001, 2011"
BHS,"Bahamas, The",2018," 2000, 2010"
BRB,Barbados,2018," 2000, 2010"
BRN,Brunei Darussalam,2018," 2001, 2011"
CAN,Canada,2018," 2006, 2016"
CHE,Switzerland,2018," 2000, 2010"
CYP,Cyprus,2018," 2001, 2011"
CZE,Czech Republic,2018," 2001, 2011"
DEU,Germany,2018, 2011
DNK,Denmark,2018," 2001, 2011"
ESP,Spain,2018," 2001, 2011"
EST,Estonia,2018," 2000, 2012"
FIN,Finland,2018," 2000, 2010"
FRA,France,2018," 1999, 2006, 2015"
GBR,United Kingdom,2018," 2001, 2011"
GRC,Greece,2018," 2001, 2011"
HUN,Hungary,2018," 2001, 2011"
IRL,Ireland,2018," 1996, 2002, 2006, 2011, 2016"
ISL,Iceland,2018, 2011
ISR,Israel,2018, 2009
ITA,Italy,2018," 2001, 2012"
JPN,Japan,2018," 2000, 2005, 2010, 2015"
KOR,"Korea, Rep.",2018," 2000, 2005, 2010, 2015"
KWT,Kuwait,2018," 2005, 2011"
LTU,Lithuania,2018," 2001, 2011"
LUX,Luxembourg,2018," 2001, 2011"
LVA,Latvia,2018," 2000, 2011"
MLT,Malta,2018," 2005, 2011"
NLD,Netherlands,2018," 2001, 2011"
NOR,Norway,2018," 2001, 2011"
NZL,New Zealand,2018," 2001, 2006, 2013"
OMN,Oman,2018," 2003, 2010"
PRT,Portugal,2018," 2001, 2011"
QAT,Qatar,2018," 2010, 2015"
SAU,Saudi Arabia,2018," 2004, 2010"
SGP,Singapore,2018," 2000, 2010"
SMR,San Marino,2018, 2010
SVK,Slovak Republic,2018," 2001, 2011"
SVN,Slovenia,2018," 2002, 2011, 2015"
SWE,Sweden,2018, 2011
SWZ,Swaziland,2018," 2007, 2017"
USA,United States,2018," 2000, 2010"
AFG,Afghanistan,2019,NA
ALB,Albania,2019,"2001, 2011"
DZA,Algeria,2019,"1998, 2008"
AGO,Angola,2019,2014
ATG,Antigua and Barbuda,2019,"2001, 2011"
ARG,Argentina,2019,"2001, 2010"
ARM,Armenia,2019,"2001, 2011"
AZE,Azerbaijan,2019,"1999, 2009, 2019"
BGD,Bangladesh,2019,"2001, 2011"
BLR,Belarus,2019,"1999, 2009, 2019"
BLZ,Belize,2019,"2000, 2010"
BEN,Benin,2019,"2002, 2013"
BTN,Bhutan,2019,"2005, 2017"
BOL,Bolivia,2019,"2001, 2012"
BIH,Bosnia and Herzegovina,2019,2013
BWA,Botswana,2019,"2001, 2011"
BRA,Brazil,2019,"1996, 2000, 2010"
BGR,Bulgaria,2019,"2001, 2011"
BFA,Burkina Faso,2019,2006
BDI,Burundi,2019,2008
CPV,Cabo Verde,2019,"2000, 2010"
KHM,Cambodia,2019,"2008, 2019"
CMR,Cameroon,2019,2005
CAF,Central African Republic,2019,2003
TCD,Chad,2019,2009
CHL,Chile,2019,"2002, 2012, 2017"
CHN,China,2019,"2000, 2010"
COL,Colombia,2019,"2006, 2018"
COM,Comoros,2019,"2003, 2017"
COD,"Congo, Dem. Rep.",2019,NA
COG,"Congo, Rep.",2019,2007
CRI,Costa Rica,2019,2011
CIV,Côte d'Ivoire,2019,"1998, 2014"
HRV,Croatia,2019,"2001, 2011"
DJI,Djibouti,2019,2009
DMA,Dominica,2019,"2001, 2011"
DOM,Dominican Republic,2019,"2002, 2010"
ECU,Ecuador,2019,"2001, 2010"
EGY,"Egypt, Arab Rep.",2019,"1996, 2006, 2017"
SLV,El Salvador,2019,2007
GNQ,Equatorial Guinea,2019,"2002, 2015"
ERI,Eritrea,2019,NA
SWZ,Eswatini,2019,"1997, 2007, 2017"
ETH,Ethiopia,2019,2007
FJI,Fiji,2019,"1996, 2007, 2017"
GAB,Gabon,2019,"2003, 2013"
GMB,"Gambia, The",2019,"2003, 2013"
GEO,Georgia,2019,"2002, 2014"
GHA,Ghana,2019,2010
GRD,Grenada,2019,"2001, 2011"
GTM,Guatemala,2019,"2002, 2018"
GIN,Guinea,2019,2014
GNB,Guinea-Bissau,2019,2009
GUY,Guyana,2019,"2002, 2012"
HTI,Haiti,2019,NA
HND,Honduras,2019,"2001, 2013"
IND,India,2019,"2001, 2011"
IDN,Indonesia,2019,"2000, 2010"
IRN,"Iran, Islamic Rep.",2019,"1996, 2006, 2011, 2016"
IRQ,Iraq,2019,1997
JAM,Jamaica,2019,"2001, 2011"
JOR,Jordan,2019,"2004, 2015"
KAZ,Kazakhstan,2019,"1999, 2009"
KEN,Kenya,2019,"1999, 2009"
KIR,Kiribati,2019,"2000, 2005, 2010, 2015"
XKX,Kosovo,2019,"2002, 2011"
KGZ,Kyrgyz Republic,2019,"1999, 2009"
LAO,Lao PDR,2019,"2005, 2015"
LBN,Lebanon,2019,NA
LSO,Lesotho,2019,"1996, 2001, 2006, 2016"
LBR,Liberia,2019,2008
LBY,Libya,2019,2006
MKD,"Macedonia, FYR",2019,2002
MDG,Madagascar,2019,2018
MWI,Malawi,2019,"1998, 2008, 2018"
MYS,Malaysia,2019,"2000, 2010"
MDV,Maldives,2019,"2000, 2006, 2014"
MLI,Mali,2019,"1998, 2009"
MHL,Marshall Islands,2019,"1999, 2011"
MRT,Mauritania,2019,"2000, 2013"
MUS,Mauritius,2019,"2000, 2011"
MEX,Mexico,2019,"2000, 2005, 2010"
FSM,"Micronesia, Fed. Sts.",2019,"2000, 2010"
MDA,Moldova,2019,"2004, 2014"
MNG,Mongolia,2019,"2000, 2010"
MNE,Montenegro,2019,"2003, 2011"
MAR,Morocco,2019,"2004, 2014"
MOZ,Mozambique,2019,"1997, 2007, 2017"
MMR,Myanmar,2019,2014
NAM,Namibia,2019,"2001, 2011"
NRU,Nauru,2019,"2002, 2012"
NPL,Nepal,2019,"2001, 2011"
NIC,Nicaragua,2019,2005
NER,Niger,2019,"2001, 2012"
NGA,Nigeria,2019,2006
PAK,Pakistan,2019,"1998, 2017"
PLW,Palau,2019,"2000, 2005, 2010, 2012, 2015"
PAN,Panama,2019,"2000, 2010"
PNG,Papua New Guinea,2019,"2000, 2011"
PRY,Paraguay,2019,"2002, 2012"
PER,Peru,2019,"2005, 2007, 2017"
PHL,Philippines,2019,"2000, 2007, 2010, 2015"
POL,Poland,2019,"2002, 2011"
ROU,Romania,2019,"2002, 2011"
RUS,Russian Federation,2019,"2002, 2010"
RWA,Rwanda,2019,"2002, 2012"
WSM,Samoa,2019,"2001, 2006, 2011, 2016"
STP,São Tomé and Principe,2019,"2001, 2012"
SEN,Senegal,2019,"2002, 2013"
SRB,Serbia,2019,"2002, 2011"
SYC,Seychelles,2019,"1997, 2002, 2010"
SLE,Sierra Leone,2019,"2004, 2015"
SLB,Solomon Islands,2019,"1999, 2009, 2019"
SOM,Somalia,2019,NA
ZAF,South Africa,2019,"1996, 2001, 2011"
SSD,South Sudan,2019,2008
LKA,Sri Lanka,2019,"2001, 2012"
KNA,St. Kitts and Nevis,2019,"2001, 2011"
LCA,St. Lucia,2019,"2001, 2010"
VCT,St. Vincent and the Grenadines,2019,"2001, 2012"
SDN,Sudan,2019,2008
SUR,Suriname,2019,"2003, 2004, 2012"
SYR,Syrian Arab Republic,2019,2004
TJK,Tajikistan,2019,"2000, 2010"
TZA,Tanzania,2019,"2002, 2012"
THA,Thailand,2019,"2000, 2010"
TLS,Timor-Leste,2019,"2004, 2010, 2015"
TGO,Togo,2019,2010
TON,Tonga,2019,"1996, 2006, 2016"
TTO,Trinidad and Tobago,2019,"2000, 2011"
TUN,Tunisia,2019,"2004, 2014"
TUR,Turkey,2019,"2000, 2011"
TKM,Turkmenistan,2019,2012
TUV,Tuvalu,2019,"2002, 2012"
UGA,Uganda,2019,"2002, 2014"
UKR,Ukraine,2019,2001
URY,Uruguay,2019,"1996, 2004, 2011"
UZB,Uzbekistan,2019,NA
VUT,Vanuatu,2019,"1999, 2009, 2016"
VEN,"Venezuela, RB",2019,"2001, 2011"
VNM,Vietnam,2019,"1999, 2009, 2019"
PSE,West Bank and Gaza,2019,"1997, 2007, 2017"
YEM,"Yemen, Rep.",2019,2004
ZMB,Zambia,2019,"2000, 2010"
ZWE,Zimbabwe,2019,"2002, 2012"
